date,DWJZ,LJJZ,increase
2023-04-06,2.9723,2.9723,0.15
2023-04-04,2.9678,2.9678,-1.93
2023-04-03,3.0262,3.0262,0.26
2023-03-31,3.0184,3.0184,0.1
2023-03-30,3.0155,3.0155,0.78
2023-03-29,2.9923,2.9923,0.46
2023-03-28,2.9785,2.9785,-0.5
2023-03-27,2.9935,2.9935,0.56
2023-03-24,2.9769,2.9769,0.09
2023-03-23,2.9743,2.9743,-0.15
2023-03-22,2.9788,2.9788,0.38
2023-03-21,2.9674,2.9674,1.36
2023-03-20,2.9276,2.9276,0.66
2023-03-17,2.9083,2.9083,-0.44
2023-03-16,2.9212,2.9212,-2.13
2023-03-15,2.9849,2.9849,-0.66
2023-03-14,3.0047,3.0047,-0.97
2023-03-13,3.034,3.034,-0.95
2023-03-10,3.0632,3.0632,-1.19
2023-03-09,3.1001,3.1001,-0.13
2023-03-08,3.1041,3.1041,-0.32
2023-03-07,3.1141,3.1141,-1.28
2023-03-06,3.1544,3.1544,1.22
2023-03-03,3.1163,3.1163,0.17
2023-03-02,3.1109,3.1109,-1.43
2023-03-01,3.156,3.156,-0.01
2023-02-28,3.1563,3.1563,0.42
2023-02-27,3.1431,3.1431,-0.75
2023-02-24,3.1667,3.1667,-1.02
2023-02-23,3.1993,3.1993,0.67
2023-02-22,3.178,3.178,-0.88
2023-02-21,3.2061,3.2061,0.54
2023-02-20,3.189,3.189,0.5
2023-02-17,3.1731,3.1731,-1.94
2023-02-16,3.2359,3.2359,-1.39
2023-02-15,3.2815,3.2815,-0.71
2023-02-14,3.3049,3.3049,-0.23
2023-02-13,3.3126,3.3126,0.07
2023-02-10,3.3102,3.3102,-1.46
2023-02-09,3.3592,3.3592,0.83
2023-02-08,3.3315,3.3315,-0.25
2023-02-07,3.3399,3.3399,-0.31
2023-02-06,3.3504,3.3504,-1.28
2023-02-03,3.3939,3.3939,-1.16
2023-02-02,3.4339,3.4339,-0.84
2023-02-01,3.4631,3.4631,1.04
2023-01-31,3.4275,3.4275,-0.2
2023-01-30,3.4345,3.4345,2.44
2023-01-20,3.3527,3.3527,1.34
2023-01-19,3.3083,3.3083,-0.01
2023-01-18,3.3085,3.3085,0.29
2023-01-17,3.2988,3.2988,0.61
2023-01-16,3.2789,3.2789,-0.15
2023-01-13,3.2838,3.2838,0.09
2023-01-12,3.2807,3.2807,1.16
2023-01-11,3.243,3.243,-1.15
2023-01-10,3.2806,3.2806,0.84
2023-01-09,3.2532,3.2532,0.36
2023-01-06,3.2414,3.2414,1.86
2023-01-05,3.1821,3.1821,2.75
2023-01-04,3.0969,3.0969,-1.8
2023-01-03,3.1536,3.1536,0.9
2022-12-31,3.1253,3.1253,--
2022-12-30,3.1254,3.1254,-0.77
2022-12-29,3.1498,3.1498,0.15
2022-12-28,3.1451,3.1451,-1.11
2022-12-27,3.1805,3.1805,0.51
2022-12-26,3.1644,3.1644,3.72
2022-12-23,3.0509,3.0509,-1.34
2022-12-22,3.0922,3.0922,-1.65
2022-12-21,3.1441,3.1441,-0.87
2022-12-20,3.1717,3.1717,-1.24
2022-12-19,3.2114,3.2114,0.16
2022-12-16,3.2064,3.2064,-1.53
2022-12-15,3.2562,3.2562,2.16
2022-12-14,3.1875,3.1875,-0.74
2022-12-13,3.2114,3.2114,-1.67
2022-12-12,3.2659,3.2659,-0.49
2022-12-09,3.2821,3.2821,-0.44
2022-12-08,3.2966,3.2966,0.03
2022-12-07,3.2957,3.2957,1.48
2022-12-06,3.2477,3.2477,1.22
2022-12-05,3.2086,3.2086,-1.56
2022-12-02,3.2595,3.2595,0.29
2022-12-01,3.2502,3.2502,1.91
2022-11-30,3.1894,3.1894,1.23
2022-11-29,3.1507,3.1507,0.18
2022-11-28,3.145,3.145,-0.52
2022-11-25,3.1613,3.1613,-2.11
2022-11-24,3.2294,3.2294,0.19
2022-11-23,3.2234,3.2234,0.99
2022-11-22,3.1917,3.1917,-1.83
2022-11-21,3.2512,3.2512,0.78
2022-11-18,3.2261,3.2261,-0.43
2022-11-17,3.2399,3.2399,-1.31
2022-11-16,3.283,3.283,-1.88
2022-11-15,3.346,3.346,2.79
2022-11-14,3.2553,3.2553,-2.3
2022-11-11,3.332,3.332,1.24
2022-11-10,3.2913,3.2913,-2.48
2022-11-09,3.3749,3.3749,-1.59
2022-11-08,3.4295,3.4295,-0.66
2022-11-07,3.4522,3.4522,0.3
2022-11-04,3.4419,3.4419,3.72
2022-11-03,3.3185,3.3185,0.25
2022-11-02,3.3103,3.3103,1.22
2022-11-01,3.2704,3.2704,2.94
2022-10-31,3.177,3.177,0.15
2022-10-28,3.1724,3.1724,-3.29
2022-10-27,3.2804,3.2804,-1.47
2022-10-26,3.3293,3.3293,1.21
2022-10-25,3.2894,3.2894,0.74
2022-10-24,3.2653,3.2653,-0.53
2022-10-21,3.2827,3.2827,-0.23
2022-10-20,3.2904,3.2904,-2.02
2022-10-19,3.3581,3.3581,-0.46
2022-10-18,3.3735,3.3735,0.42
2022-10-17,3.3593,3.3593,-1
2022-10-14,3.3934,3.3934,1.57
2022-10-13,3.3408,3.3408,-0.08
2022-10-12,3.3436,3.3436,3.15
2022-10-11,3.2414,3.2414,2.15
2022-10-10,3.1733,3.1733,-2.44
2022-09-30,3.2525,3.2525,-3.37
2022-09-29,3.366,3.366,1.05
2022-09-28,3.3309,3.3309,-3.57
2022-09-27,3.4543,3.4543,0.06
2022-09-26,3.4523,3.4523,1.16
2022-09-23,3.4128,3.4128,-0.91
2022-09-22,3.4443,3.4443,0.33
2022-09-21,3.4331,3.4331,-0.46
2022-09-20,3.4491,3.4491,1.49
2022-09-19,3.3985,3.3985,0.23
2022-09-16,3.3907,3.3907,-1.09
2022-09-15,3.428,3.428,-3.68
2022-09-14,3.5589,3.5589,-1.33
2022-09-13,3.6067,3.6067,0.15
2022-09-09,3.6013,3.6013,0.22
2022-09-08,3.5933,3.5933,-1.22
2022-09-07,3.6378,3.6378,1.69
2022-09-06,3.5775,3.5775,1.87
2022-09-05,3.512,3.512,-0.28
2022-09-02,3.5217,3.5217,-0.66
2022-09-01,3.5451,3.5451,-0.49
2022-08-31,3.5626,3.5626,-3.42
2022-08-30,3.6886,3.6886,-0.97
2022-08-29,3.7249,3.7249,-0.25
2022-08-26,3.7341,3.7341,-0.25
2022-08-25,3.7435,3.7435,-1.38
2022-08-24,3.7959,3.7959,-3.8
2022-08-23,3.946,3.946,-0.03
2022-08-22,3.9472,3.9472,2.56
2022-08-19,3.8488,3.8488,-3.31
2022-08-18,3.9804,3.9804,-0.79
2022-08-17,4.0122,4.0122,-0.45
2022-08-16,4.0303,4.0303,0.42
2022-08-15,4.0134,4.0134,1.96
2022-08-12,3.9363,3.9363,-1.64
2022-08-11,4.0019,4.0019,1.49
2022-08-10,3.9433,3.9433,-1.81
2022-08-09,4.0161,4.0161,1.42
2022-08-08,3.96,3.96,0.13
2022-08-05,3.955,3.955,1.2
2022-08-04,3.908,3.908,0.01
2022-08-03,3.9075,3.9075,-1.8
2022-08-02,3.9792,3.9792,-1.76
2022-08-01,4.0504,4.0504,3.21
2022-07-29,3.9244,3.9244,-1.07
2022-07-28,3.9669,3.9669,-1.16
2022-07-27,4.0134,4.0134,-0.03
2022-07-26,4.0146,4.0146,0.4
2022-07-25,3.9986,3.9986,-1.81
2022-07-22,4.0724,4.0724,-0.33
2022-07-21,4.086,4.086,-1.78
2022-07-20,4.16,4.16,0.05
2022-07-19,4.1579,4.1579,-1.52
2022-07-18,4.222,4.222,0.18
2022-07-15,4.2143,4.2143,-1.06
2022-07-14,4.2596,4.2596,2.36
2022-07-13,4.1612,4.1612,1.86
2022-07-12,4.0852,4.0852,-2.06
2022-07-11,4.1713,4.1713,-2.83
2022-07-08,4.2929,4.2929,-2.35
2022-07-07,4.3963,4.3963,1.82
2022-07-06,4.3176,4.3176,-0.3
2022-07-05,4.3307,4.3307,1
2022-07-04,4.2878,4.2878,2.13
2022-07-01,4.1985,4.1985,-0.49
2022-06-30,4.2191,4.2191,0.98
2022-06-29,4.1782,4.1782,-3.92
2022-06-28,4.3487,4.3487,1.64
2022-06-27,4.2787,4.2787,0.16
2022-06-24,4.2719,4.2719,2.71
2022-06-23,4.1593,4.1593,2.77
2022-06-22,4.0472,4.0472,0.19
2022-06-21,4.0394,4.0394,-1.36
2022-06-20,4.0951,4.0951,1.68
2022-06-17,4.0276,4.0276,4.31
2022-06-16,3.861,3.861,1.38
2022-06-15,3.8084,3.8084,-0.82
2022-06-14,3.8399,3.8399,0.11
2022-06-13,3.8357,3.8357,1.17
2022-06-10,3.7912,3.7912,3.2
2022-06-09,3.6737,3.6737,-2.32
2022-06-08,3.7611,3.7611,0.12
2022-06-07,3.7566,3.7566,-0.24
2022-06-06,3.7658,3.7658,4.43
2022-06-02,3.6061,3.6061,2.38
2022-06-01,3.5221,3.5221,1.61
2022-05-31,3.4662,3.4662,0.99
2022-05-30,3.4323,3.4323,1.21
2022-05-27,3.3911,3.3911,0.28
2022-05-26,3.3815,3.3815,-0.3
2022-05-25,3.3917,3.3917,-0.64
2022-05-24,3.4135,3.4135,-3.55
2022-05-23,3.5392,3.5392,-0.76
2022-05-20,3.5663,3.5663,0.21
2022-05-19,3.5588,3.5588,1.19
2022-05-18,3.5168,3.5168,0.49
2022-05-17,3.4998,3.4998,2.96
2022-05-16,3.3991,3.3991,-0.64
2022-05-13,3.421,3.421,0.64
2022-05-12,3.3991,3.3991,-0.91
2022-05-11,3.4303,3.4303,4.22
2022-05-10,3.2915,3.2915,2.05
2022-05-09,3.2253,3.2253,0.21
2022-05-06,3.2185,3.2185,-0.63
2022-05-05,3.2389,3.2389,-0.26
2022-04-29,3.2474,3.2474,4.03
2022-04-28,3.1216,3.1216,0.63
2022-04-27,3.102,3.102,6.78
2022-04-26,2.905,2.905,-2.16
2022-04-25,2.969,2.969,-5.46
2022-04-22,3.1406,3.1406,-1.37
2022-04-21,3.1841,3.1841,-2.7
2022-04-20,3.2724,3.2724,-2.78
2022-04-19,3.3661,3.3661,-0.6
2022-04-18,3.3865,3.3865,1.67
2022-04-15,3.3308,3.3308,-1.15
2022-04-14,3.3694,3.3694,-0.79
2022-04-13,3.3961,3.3961,-1.83
2022-04-12,3.4593,3.4593,1.03
2022-04-11,3.4242,3.4242,-4.49
2022-04-08,3.5852,3.5852,-0.31
2022-04-07,3.5964,3.5964,-0.86
2022-04-06,3.6276,3.6276,-2.38
2022-04-01,3.7161,3.7161,1.04
2022-03-31,3.6779,3.6779,-2.55
2022-03-30,3.7741,3.7741,2.87
2022-03-29,3.6689,3.6689,1.16
2022-03-28,3.6269,3.6269,-2.06
2022-03-25,3.7033,3.7033,-2.5
2022-03-24,3.7982,3.7982,-1.28
2022-03-23,3.8475,3.8475,0.32
2022-03-22,3.8353,3.8353,-0.96
2022-03-21,3.8726,3.8726,1.05
2022-03-18,3.8325,3.8325,-1.17
2022-03-17,3.8777,3.8777,1.96
2022-03-16,3.8033,3.8033,4.43
2022-03-15,3.6421,3.6421,-0.91
2022-03-14,3.6754,3.6754,-1.94
2022-03-11,3.7482,3.7482,-0.21
2022-03-10,3.756,3.756,4.43
2022-03-09,3.5965,3.5965,0.28
2022-03-08,3.5866,3.5866,-2.02
2022-03-07,3.6605,3.6605,-3.66
2022-03-04,3.7995,3.7995,-2.42
2022-03-03,3.8939,3.8939,-2.18
2022-03-02,3.9805,3.9805,-1.9
2022-03-01,4.0576,4.0576,-0.2
2022-02-28,4.0657,4.0657,1
2022-02-25,4.0256,4.0256,1.93
2022-02-24,3.9494,3.9494,-0.46
2022-02-23,3.9678,3.9678,3.87
2022-02-22,3.82,3.82,-0.34
2022-02-21,3.8331,3.8331,-1.01
2022-02-18,3.8723,3.8723,-1.25
2022-02-17,3.9215,3.9215,1.8
2022-02-16,3.8523,3.8523,0.02
2022-02-15,3.8515,3.8515,3.79
2022-02-14,3.7109,3.7109,0.28
2022-02-11,3.7005,3.7005,-1.45
2022-02-10,3.7549,3.7549,-2.72
2022-02-09,3.8598,3.8598,0.42
2022-02-08,3.8436,3.8436,-3.45
2022-02-07,3.981,3.981,0
2022-01-28,3.9811,3.9811,-0.83
2022-01-27,4.0144,4.0144,-2.02
2022-01-26,4.097,4.097,0.65
2022-01-25,4.0704,4.0704,-0.98
2022-01-24,4.1107,4.1107,1.14
2022-01-21,4.0645,4.0645,-0.27
2022-01-20,4.0757,4.0757,-0.69
2022-01-19,4.104,4.104,-2.85
2022-01-18,4.2242,4.2242,-0.78
2022-01-17,4.2575,4.2575,2.38
2022-01-14,4.1587,4.1587,1.59
2022-01-13,4.0937,4.0937,-0.92
2022-01-12,4.1319,4.1319,3.5
2022-01-11,3.9923,3.9923,-0.86
2022-01-10,4.027,4.027,-0.78
2022-01-07,4.0585,4.0585,-1.51
2022-01-06,4.1209,4.1209,-0.29
2022-01-05,4.1328,4.1328,-3.7
2022-01-04,4.2917,4.2917,-1.49
2021-12-31,4.3564,4.3564,0.17
2021-12-30,4.3489,4.3489,0.37
2021-12-29,4.3327,4.3327,-0.25
2021-12-28,4.3435,4.3435,1.9
2021-12-27,4.2626,4.2626,0.8
2021-12-24,4.2288,4.2288,-2.68
2021-12-23,4.3451,4.3451,-0.12
2021-12-22,4.3502,4.3502,0.75
2021-12-21,4.3177,4.3177,-0.22
2021-12-20,4.3272,4.3272,-2.73
2021-12-17,4.4488,4.4488,-1.84
2021-12-16,4.5324,4.5324,0.29
2021-12-15,4.5192,4.5192,-0.69
2021-12-14,4.5504,4.5504,-0.62
2021-12-13,4.5789,4.5789,-1.38
2021-12-10,4.643,4.643,0.7
2021-12-09,4.6108,4.6108,-0.07
2021-12-08,4.6141,4.6141,2.38
2021-12-07,4.5069,4.5069,-2.53
2021-12-06,4.6237,4.6237,-1.68
2021-12-03,4.7026,4.7026,0.21
2021-12-02,4.6926,4.6926,0.21
2021-12-01,4.6826,4.6826,-0.63
2021-11-30,4.7121,4.7121,-0.4
2021-11-29,4.7311,4.7311,1.75
2021-11-26,4.6498,4.6498,1.6
2021-11-25,4.5765,4.5765,-1.06
2021-11-24,4.6255,4.6255,-1.88
2021-11-23,4.7142,4.7142,-0.41
2021-11-22,4.7336,4.7336,3.81
2021-11-19,4.5597,4.5597,0.02
2021-11-18,4.5586,4.5586,-0.19
2021-11-17,4.5672,4.5672,1.21
2021-11-16,4.5125,4.5125,-1.48
2021-11-15,4.5804,4.5804,-3.18
2021-11-12,4.731,4.731,0.48
2021-11-11,4.7086,4.7086,0.53
2021-11-10,4.6837,4.6837,-1.72
2021-11-09,4.7656,4.7656,0.75
2021-11-08,4.7299,4.7299,2.59
2021-11-05,4.6105,4.6105,-1.52
2021-11-04,4.6818,4.6818,1.76
2021-11-03,4.6007,4.6007,-1.88
2021-11-02,4.689,4.689,0.11
2021-11-01,4.684,4.684,-0.47
2021-10-29,4.7062,4.7062,1.6
2021-10-28,4.6322,4.6322,-1.58
2021-10-27,4.7068,4.7068,3.37
2021-10-26,4.5534,4.5534,-0.04
2021-10-25,4.5552,4.5552,2.84
2021-10-22,4.4296,4.4296,-0.58
2021-10-21,4.4553,4.4553,-1.83
2021-10-20,4.5383,4.5383,1.42
2021-10-19,4.4749,4.4749,-0.35
2021-10-18,4.4906,4.4906,1.31
2021-10-15,4.4324,4.4324,3.41
2021-10-14,4.2862,4.2862,0.32
2021-10-13,4.2724,4.2724,3.74
2021-10-12,4.1185,4.1185,-2.93
2021-10-11,4.2427,4.2427,0.68
2021-10-08,4.214,4.214,-3.2
2021-09-30,4.3534,4.3534,4.54
2021-09-29,4.1642,4.1642,-2.55
2021-09-28,4.273,4.273,-1
2021-09-27,4.3161,4.3161,-1.37
2021-09-24,4.376,4.376,1.07
2021-09-23,4.3295,4.3295,-0.35
2021-09-22,4.3447,4.3447,-0.2
2021-09-17,4.3535,4.3535,1.48
2021-09-16,4.2902,4.2902,-3.57
2021-09-15,4.4488,4.4488,1.39
2021-09-14,4.3876,4.3876,2.07
2021-09-13,4.2986,4.2986,-0.45
2021-09-10,4.3182,4.3182,0.64
2021-09-09,4.2906,4.2906,0.46
2021-09-08,4.2709,4.2709,-2.4
2021-09-07,4.3759,4.3759,4.99
2021-09-06,4.1678,4.1678,3.12
2021-09-03,4.0418,4.0418,-3.5
2021-09-02,4.1882,4.1882,0.4
2021-09-01,4.1716,4.1716,-4.21
2021-08-31,4.355,4.355,-0.19
2021-08-30,4.3635,4.3635,3.15
2021-08-27,4.2302,4.2302,0.99
2021-08-26,4.1887,4.1887,-1.44
2021-08-25,4.2497,4.2497,-0.85
2021-08-24,4.2862,4.2862,2.57
2021-08-23,4.1789,4.1789,2.28
2021-08-20,4.0858,4.0858,-0.08
2021-08-19,4.0892,4.0892,3.47
2021-08-18,3.952,3.952,1.5
2021-08-17,3.8936,3.8936,-1.08
2021-08-16,3.9362,3.9362,-3.78
2021-08-13,4.0908,4.0908,-0.95
2021-08-12,4.13,4.13,-0.05
2021-08-11,4.1319,4.1319,1.04
2021-08-10,4.0894,4.0894,-1.56
2021-08-09,4.1543,4.1543,-3.37
2021-08-06,4.299,4.299,2.36
2021-08-05,4.1998,4.1998,0.65
2021-08-04,4.1725,4.1725,6.47
2021-08-03,3.9191,3.9191,-3.03
2021-08-02,4.0417,4.0417,3.3
2021-07-30,3.9127,3.9127,-1.88
2021-07-29,3.9877,3.9877,4.32
2021-07-28,3.8227,3.8227,1.23
2021-07-27,3.7762,3.7762,-4.64
2021-07-26,3.9599,3.9599,0.08
2021-07-23,3.9566,3.9566,-1.37
2021-07-22,4.0115,4.0115,0.13
2021-07-21,4.0063,4.0063,4.26
2021-07-20,3.8425,3.8425,2.09
2021-07-19,3.7639,3.7639,-1.62
2021-07-16,3.8259,3.8259,-3.01
2021-07-15,3.9446,3.9446,1.68
2021-07-14,3.8796,3.8796,-3.08
2021-07-13,4.003,4.003,-0.03
2021-07-12,4.0044,4.0044,5.23
2021-07-09,3.8054,3.8054,0.99
2021-07-08,3.768,3.768,2.16
2021-07-07,3.6885,3.6885,5.96
2021-07-06,3.481,3.481,0.44
2021-07-05,3.4659,3.4659,2.18
2021-07-02,3.3919,3.3919,-0.58
2021-07-01,3.4116,3.4116,-1.42
2021-06-30,3.4606,3.4606,2.39
2021-06-29,3.3798,3.3798,-0.01
2021-06-28,3.3803,3.3803,1.31
2021-06-25,3.3366,3.3366,1.05
2021-06-24,3.3019,3.3019,-1.25
2021-06-23,3.3436,3.3436,1.69
2021-06-22,3.2881,3.2881,0.38
2021-06-21,3.2757,3.2757,0.68
2021-06-18,3.2536,3.2536,3.99
2021-06-17,3.1288,3.1288,2.62
2021-06-16,3.049,3.049,-4.92
2021-06-15,3.2069,3.2069,-0.91
2021-06-11,3.2365,3.2365,0.17
2021-06-10,3.2311,3.2311,3.45
2021-06-09,3.1232,3.1232,0.93
2021-06-08,3.0945,3.0945,-1.03
2021-06-07,3.1268,3.1268,-1.14
2021-06-04,3.1628,3.1628,2.16
2021-06-03,3.0959,3.0959,0.46
2021-06-02,3.0817,3.0817,0.06
2021-06-01,3.08,3.08,-2.1
2021-05-31,3.146,3.146,6.79
2021-05-28,2.9461,2.9461,5.1
2021-05-27,2.8031,2.8031,0.79
2021-05-26,2.7811,2.7811,-1.8
2021-05-25,2.8321,2.8321,1.36
2021-05-24,2.794,2.794,0.99
2021-05-21,2.7666,2.7666,0.1
2021-05-20,2.7637,2.7637,0.53
2021-05-19,2.749,2.749,3.78
2021-05-18,2.6488,2.6488,0.36
2021-05-17,2.6392,2.6392,3.79
2021-05-14,2.5429,2.5429,2.15
2021-05-13,2.4894,2.4894,-2.04
2021-05-12,2.5412,2.5412,-0.3
2021-05-11,2.5488,2.5488,-1.1
2021-05-10,2.5772,2.5772,0.07
2021-05-07,2.5755,2.5755,-2.95
2021-05-06,2.6537,2.6537,-1.1
2021-04-30,2.6833,2.6833,1.65
2021-04-29,2.6397,2.6397,0.19
2021-04-28,2.6346,2.6346,2.23
2021-04-27,2.5772,2.5772,-0.6
2021-04-26,2.5927,2.5927,-1.68
2021-04-23,2.6371,2.6371,1.02
2021-04-22,2.6106,2.6106,0.16
2021-04-21,2.6065,2.6065,-0.37
2021-04-20,2.6161,2.6161,-0.42
2021-04-19,2.6272,2.6272,5.14
2021-04-16,2.4987,2.4987,-0.57
2021-04-15,2.513,2.513,0.2
2021-04-14,2.5079,2.5079,4.52
2021-04-13,2.3995,2.3995,0.88
2021-04-12,2.3786,2.3786,-3.63
2021-04-09,2.4682,2.4682,-0.56
2021-04-08,2.4821,2.4821,-0.84
2021-04-07,2.5031,2.5031,-0.05
2021-04-06,2.5043,2.5043,0.75
2021-04-02,2.4857,2.4857,0.53
2021-04-01,2.4726,2.4726,1.44
2021-03-31,2.4376,2.4376,-1.19
2021-03-30,2.467,2.467,1.46
2021-03-29,2.4314,2.4314,0.58
2021-03-26,2.4173,2.4173,3.96
2021-03-25,2.3252,2.3252,2.35
2021-03-24,2.2719,2.2719,-2.34
2021-03-23,2.3263,2.3263,-2.33
2021-03-22,2.3817,2.3817,0.27
2021-03-19,2.3753,2.3753,-3.13
2021-03-18,2.4521,2.4521,0.03
2021-03-17,2.4513,2.4513,3.82
2021-03-16,2.3612,2.3612,0.93
2021-03-15,2.3395,2.3395,-3.31
2021-03-12,2.4196,2.4196,0.6
2021-03-11,2.4051,2.4051,1.98
2021-03-10,2.3585,2.3585,1.59
2021-03-09,2.3217,2.3217,-3.18
2021-03-08,2.398,2.398,-4.31
2021-03-05,2.5059,2.5059,0.37
2021-03-04,2.4966,2.4966,-4.99
2021-03-03,2.6278,2.6278,-0.31
2021-03-02,2.636,2.636,0.25
2021-03-01,2.6293,2.6293,3.84
2021-02-26,2.5321,2.5321,-2.33
2021-02-25,2.5924,2.5924,-0.44
2021-02-24,2.6038,2.6038,-4.05
2021-02-23,2.7137,2.7137,-0.84
2021-02-22,2.7366,2.7366,-1.44
2021-02-19,2.7765,2.7765,-1.4
2021-02-18,2.8158,2.8158,-2.86
2021-02-10,2.8987,2.8987,1.47
2021-02-09,2.8566,2.8566,4.14
2021-02-08,2.743,2.743,1.81
2021-02-05,2.6942,2.6942,-1.97
2021-02-04,2.7484,2.7484,-2.95
2021-02-03,2.8318,2.8318,-1.27
2021-02-02,2.8683,2.8683,3.48
2021-02-01,2.7719,2.7719,0.19
2021-01-29,2.7666,2.7666,-2.77
2021-01-28,2.8453,2.8453,-2.63
2021-01-27,2.9223,2.9223,2.02
2021-01-26,2.8645,2.8645,-3.44
2021-01-25,2.9664,2.9664,-1.54
2021-01-22,3.0129,3.0129,3
2021-01-21,2.9251,2.9251,1.74
2021-01-20,2.8751,2.8751,3.48
2021-01-19,2.7785,2.7785,-2.65
2021-01-18,2.854,2.854,1.49
2021-01-15,2.8121,2.8121,2.56
2021-01-14,2.7419,2.7419,-2.55
2021-01-13,2.8137,2.8137,-2.98
2021-01-12,2.9001,2.9001,1.62
2021-01-11,2.854,2.854,-3.32
2021-01-08,2.9519,2.9519,-2.15
2021-01-07,3.0168,3.0168,1.28
2021-01-06,2.9787,2.9787,-0.58
2021-01-05,2.996,2.996,1.03
2021-01-04,2.9655,2.9655,6.33
2020-12-31,2.789,2.789,1.27
2020-12-30,2.754,2.754,2.46
2020-12-29,2.6878,2.6878,-3.07
2020-12-28,2.7729,2.7729,0
2020-12-25,2.7728,2.7728,3.07
2020-12-24,2.6902,2.6902,-0.41
2020-12-23,2.7013,2.7013,2.14
2020-12-22,2.6447,2.6447,-1.07
2020-12-21,2.6734,2.6734,6.27
2020-12-18,2.5156,2.5156,3.15
2020-12-17,2.4388,2.4388,0.51
2020-12-16,2.4264,2.4264,0.15
2020-12-15,2.4227,2.4227,1.09
2020-12-14,2.3965,2.3965,3.97
2020-12-11,2.3051,2.3051,-1.06
2020-12-10,2.3299,2.3299,0
2020-12-09,2.3299,2.3299,-0.89
2020-12-08,2.3508,2.3508,2.8
2020-12-07,2.2867,2.2867,2.52
2020-12-04,2.2304,2.2304,0.88
2020-12-03,2.211,2.211,-0.69
2020-12-02,2.2263,2.2263,-0.51
2020-12-01,2.2376,2.2376,0.3
2020-11-30,2.2309,2.2309,-0.08
2020-11-27,2.2327,2.2327,0.27
2020-11-26,2.2267,2.2267,-0.77
2020-11-25,2.244,2.244,-2.53
2020-11-24,2.3022,2.3022,1.84
2020-11-23,2.2605,2.2605,1.3
2020-11-20,2.2315,2.2315,1.88
2020-11-19,2.1903,2.1903,1.91
2020-11-18,2.1493,2.1493,-2.16
2020-11-17,2.1967,2.1967,-2.58
2020-11-16,2.2548,2.2548,-0.12
2020-11-13,2.2574,2.2574,1.08
2020-11-12,2.2332,2.2332,0.16
2020-11-11,2.2297,2.2297,-2.35
2020-11-10,2.2834,2.2834,-1.04
2020-11-09,2.3073,2.3073,1.22
2020-11-06,2.2795,2.2795,-1.27
2020-11-05,2.3088,2.3088,5.19
2020-11-04,2.1948,2.1948,0.39
2020-11-03,2.1862,2.1862,-0.54
2020-11-02,2.198,2.198,2.26
2020-10-30,2.1495,2.1495,-1.08
2020-10-29,2.1729,2.1729,-0.49
2020-10-28,2.1835,2.1835,1.93
2020-10-27,2.1422,2.1422,1.81
2020-10-26,2.1042,2.1042,1.88
2020-10-23,2.0654,2.0654,-1.69
2020-10-22,2.101,2.101,-0.14
2020-10-21,2.1039,2.1039,-2.12
2020-10-20,2.1495,2.1495,2.12
2020-10-19,2.1048,2.1048,-1.52
2020-10-16,2.1372,2.1372,-2.02
2020-10-15,2.1813,2.1813,-1.04
2020-10-14,2.2042,2.2042,-0.09
2020-10-13,2.2062,2.2062,0.87
2020-10-12,2.1872,2.1872,3
2020-10-09,2.1234,2.1234,5.98
2020-09-30,2.0036,2.0036,0.03
2020-09-29,2.0029,2.0029,3.23
2020-09-28,1.9403,1.9403,0.62
2020-09-25,1.9284,1.9284,-0.18
2020-09-24,1.9319,1.9319,-3.26
2020-09-23,1.997,1.997,1.1
2020-09-22,1.9752,1.9752,-1.15
2020-09-21,1.9981,1.9981,-0.18
2020-09-18,2.0018,2.0018,0.64
2020-09-17,1.9891,1.9891,2.67
2020-09-16,1.9373,1.9373,0.91
2020-09-15,1.9199,1.9199,2.36
2020-09-14,1.8756,1.8756,2.23
2020-09-11,1.8346,1.8346,3.04
2020-09-10,1.7804,1.7804,-0.21
2020-09-09,1.7841,1.7841,-2.91
2020-09-08,1.8376,1.8376,-0.36
2020-09-07,1.8442,1.8442,-2.74
2020-09-04,1.8961,1.8961,-1.55
2020-09-03,1.926,1.926,-1.01
2020-09-02,1.9457,1.9457,0.23
2020-09-01,1.9412,1.9412,4.07
2020-08-31,1.8652,1.8652,0.51
2020-08-28,1.8557,1.8557,1.56
2020-08-27,1.8272,1.8272,3.3
2020-08-26,1.7689,1.7689,-2.95
2020-08-25,1.8227,1.8227,-1.06
2020-08-24,1.8423,1.8423,3.05
2020-08-21,1.7878,1.7878,1.2287
2020-08-20,1.7661,1.7661,-1.9215
2020-08-19,1.8007,1.8007,-3.0318
2020-08-18,1.857,1.857,0.7651
2020-08-17,1.8429,1.8429,-0.5397
2020-08-14,1.8529,1.8529,1.0416
2020-08-13,1.8338,1.8338,0.0491
2020-08-12,1.8329,1.8329,-1.6368
2020-08-11,1.8634,1.8634,-1.1354
2020-08-10,1.8848,1.8848,-1.0967
2020-08-07,1.9057,1.9057,1.1733
2020-08-06,1.8836,1.8836,0.8027
2020-08-05,1.8686,1.8686,2.0758
2020-08-04,1.8306,1.8306,0.6488
2020-08-03,1.8188,1.8188,2.6179
2020-07-31,1.7724,1.7724,1.1298
2020-07-30,1.7526,1.7526,1.0843
2020-07-29,1.7338,1.7338,3.1103
2020-07-28,1.6815,1.6815,1.8042
2020-07-27,1.6517,1.6517,0.7995
2020-07-24,1.6386,1.6386,-6.3764
2020-07-23,1.7502,1.7502,2.321
2020-07-22,1.7105,1.7105,0.3402
2020-07-21,1.7047,1.7047,2.0534
2020-07-20,1.6704,1.6704,3.5843
2020-07-17,1.6126,1.6126,1.5747
2020-07-16,1.5876,1.5876,-4.0725
2020-07-15,1.655,1.655,-0.702
2020-07-14,1.6667,1.6667,-2.8163
2020-07-13,1.715,1.715,3.2511
2020-07-10,1.661,1.661,0.0602
2020-07-09,1.66,1.66,1.8218
2020-07-08,1.6303,1.6303,1.3616
2020-07-07,1.6084,1.6084,4.1373
2020-07-06,1.5445,1.5445,3.2282
2020-07-03,1.4962,1.4962,1.4304
2020-07-02,1.4751,1.4751,0.4084
2020-07-01,1.4691,1.4691,1.0594
2020-06-30,1.4537,1.4537,1.1129
2020-06-29,1.4377,1.4377,1.0899
2020-06-24,1.4222,1.4222,1.3757
2020-06-23,1.4029,1.4029,2.1033
2020-06-22,1.374,1.374,1.6648
2020-06-19,1.3515,1.3515,4.0416
2020-06-18,1.299,1.299,1.4685
2020-06-17,1.2802,1.2802,-0.4974
2020-06-16,1.2866,1.2866,2.5424
2020-06-15,1.2547,1.2547,-1.1035
2020-06-12,1.2687,1.2687,-1.8642
2020-06-11,1.2928,1.2928,0.6227
2020-06-10,1.2848,1.2848,-0.1166
2020-06-09,1.2863,1.2863,1.4432
2020-06-08,1.268,1.268,0.7549
2020-06-05,1.2585,1.2585,-0.127
2020-06-04,1.2601,1.2601,1.1885
2020-06-03,1.2453,1.2453,-0.2243
2020-06-02,1.2481,1.2481,-0.6052
2020-06-01,1.2557,1.2557,3.1122
2020-05-29,1.2178,1.2178,1.4495
2020-05-28,1.2004,1.2004,-0.8507
2020-05-27,1.2107,1.2107,0.2235
2020-05-26,1.208,1.208,3.9855
2020-05-25,1.1617,1.1617,-1.0477
2020-05-22,1.174,1.174,-2.5403
2020-05-21,1.2046,1.2046,-2.7293
2020-05-20,1.2384,1.2384,1.6916
2020-05-19,1.2178,1.2178,1.9165
2020-05-18,1.1949,1.1949,-1.5084
2020-05-15,1.2132,1.2132,1.8127
2020-05-14,1.1916,1.1916,-1.6832
2020-05-13,1.212,1.212,0.3976
2020-05-12,1.2072,1.2072,1.3347
2020-05-11,1.1913,1.1913,-1.4722
2020-05-08,1.2091,1.2091,0.6828
2020-05-07,1.2009,1.2009,-0.025
2020-05-06,1.2012,1.2012,1.3585
2020-04-30,1.1851,1.1851,4.7463
2020-04-29,1.1314,1.1314,0.8288
2020-04-28,1.1221,1.1221,-0.0979
2020-04-27,1.1232,1.1232,0.3305
2020-04-24,1.1195,1.1195,-0.7183
2020-04-23,1.1276,1.1276,-1.0877
2020-04-22,1.14,1.14,0.3344
2020-04-21,1.1362,1.1362,-1.4912
2020-04-20,1.1534,1.1534,0.4092
2020-04-17,1.1487,1.1487,2.6817
2020-04-16,1.1187,1.1187,2.4544
2020-04-15,1.0919,1.0919,0.7381
2020-04-14,1.0839,1.0839,5.0087
2020-04-13,1.0322,1.0322,-2.2908
2020-04-10,1.0564,1.0564,-2.6718
2020-04-09,1.0854,1.0854,-0.8133
2020-04-08,1.0943,1.0943,-0.8157
2020-04-07,1.1033,1.1033,3.4311
2020-04-03,1.0667,1.0667,-2.1915
2020-04-02,1.0906,1.0906,4.4236
2020-04-01,1.0444,1.0444,2.032
2020-03-31,1.0236,1.0236,0.3726
2020-03-30,1.0198,1.0198,-2.1493
2020-03-27,1.0422,1.0422,-0.4489
2020-03-26,1.0469,1.0469,-1.9481
2020-03-25,1.0677,1.0677,4.2472
2020-03-24,1.0242,1.0242,1.8294
2020-03-23,1.0058,1.0058,-7.1626
2020-03-20,1.0834,1.0834,-0.1567
2020-03-19,1.0851,1.0851,0.7802
2020-03-18,1.0767,1.0767,-1.7699
2020-03-17,1.0961,1.0961,-0.5895
2020-03-16,1.1026,1.1026,-7.531
2020-03-13,1.1924,1.1924,-0.8976
2020-03-12,1.2032,1.2032,-2.4248
2020-03-11,1.2331,1.2331,-0.916
2020-03-10,1.2445,1.2445,3.5185
2020-03-09,1.2022,1.2022,-6.1368
2020-03-06,1.2808,1.2808,-1.1347
2020-03-05,1.2955,1.2955,0
2020-03-04,1.2955,1.2955,-0.7736
2020-03-03,1.3056,1.3056,1.532
2020-03-02,1.2859,1.2859,2.454
2020-02-28,1.2551,1.2551,-6.3777
2020-02-27,1.3406,1.3406,-0.4604
2020-02-26,1.3468,1.3468,-4.7323
2020-02-25,1.4137,1.4137,2.7548
2020-02-24,1.3758,1.3758,0.3721
2020-02-21,1.3707,1.3707,1.1736
2020-02-20,1.3548,1.3548,1.2027
2020-02-19,1.3387,1.3387,-2.8167
2020-02-18,1.3775,1.3775,1.5331
2020-02-17,1.3567,1.3567,3.2339
2020-02-14,1.3142,1.3142,-1.6317
2020-02-13,1.336,1.336,-0.2613
2020-02-12,1.3395,1.3395,5.0835
2020-02-11,1.2747,1.2747,-0.2036
2020-02-10,1.2773,1.2773,3.93
2020-02-07,1.229,1.229,-0.5985
2020-02-06,1.2364,1.2364,3.3088
2020-02-05,1.1968,1.1968,3.3952
2020-02-04,1.1575,1.1575,6.8396
2020-02-03,1.0834,1.0834,-6.6115
2020-01-23,1.1601,1.1601,-2.6517
2020-01-22,1.1917,1.1917,4.0332
2020-01-21,1.1455,1.1455,-0.9768
2020-01-20,1.1568,1.1568,1.8041
2020-01-17,1.1363,1.1363,-0.4817
2020-01-16,1.1418,1.1418,-0.2708
2020-01-15,1.1449,1.1449,-1.497
2020-01-14,1.1623,1.1623,0.4494
2020-01-13,1.1571,1.1571,1.6784
2020-01-10,1.138,1.138,-0.6114
2020-01-09,1.145,1.145,1.6513
2020-01-08,1.1264,1.1264,-0.2656
2020-01-07,1.1294,1.1294,-0.3705
2020-01-06,1.1336,1.1336,2.5047
2020-01-03,1.1059,1.1059,2.058
2020-01-02,1.0836,1.0836,2.3713
2019-12-31,1.0585,1.0585,-0.414
2019-12-30,1.0629,1.0629,1.9177
2019-12-27,1.0429,1.0429,-1.1188
2019-12-26,1.0547,1.0547,-0.0853
2019-12-25,1.0556,1.0556,3.096
2019-12-24,1.0239,1.0239,4.5009
2019-12-23,0.9798,0.9798,-0.83
2019-12-20,0.988,0.988,-1.0516
2019-12-19,0.9985,0.9985,-0.4784
2019-12-18,1.0033,1.0033,-1.0064
2019-12-17,1.0135,1.0135,1.655
2019-12-16,0.997,0.997,1.6828
2019-12-13,0.9805,0.9805,2.0079
2019-12-12,0.9612,0.9612,-0.3008
2019-12-11,0.9641,0.9641,-1.4011
2019-12-10,0.9778,0.9778,0.483
2019-12-09,0.9731,0.9731,0.2369
2019-12-06,0.9708,0.9708,0.9043
2019-12-05,0.9621,0.9621,2.1229
2019-12-04,0.9421,0.9421,0.1701
2019-12-03,0.9405,0.9405,0.6528
2019-12-02,0.9344,0.9344,0.8418
2019-11-29,0.9266,0.9266,0.6408
2019-11-28,0.9207,0.9207,0.0435
2019-11-27,0.9203,0.9203,0.5133
2019-11-26,0.9156,0.9156,1.2496
2019-11-25,0.9043,0.9043,-1.3204
2019-11-22,0.9164,0.9164,-0.7473
2019-11-21,0.9233,0.9233,0.0433
2019-11-20,0.9229,0.9229,-0.6245
2019-11-19,0.9287,0.9287,2.7096
2019-11-18,0.9042,0.9042,-0.0442
2019-11-15,0.9046,0.9046,-1.3952
2019-11-14,0.9174,0.9174,0.9019
2019-11-13,0.9092,0.9092,1.4166
2019-11-12,0.8965,0.8965,-0.7308
2019-11-11,0.9031,0.9031,-1.7622
2019-11-08,0.9193,0.9193,-0.5947
2019-11-07,0.9248,0.9248,0.489
2019-11-06,0.9203,0.9203,-0.1411
2019-11-05,0.9216,0.9216,1.6545
2019-11-04,0.9066,0.9066,0.9577
2019-11-01,0.898,0.898,0.4811
2019-10-31,0.8937,0.8937,-1.0518
2019-10-30,0.9032,0.9032,-0.4519
2019-10-29,0.9073,0.9073,-1.1548
2019-10-28,0.9179,0.9179,2.0229
2019-10-25,0.8997,0.8997,1.0104
2019-10-24,0.8907,0.8907,-0.3914
2019-10-23,0.8942,0.8942,-0.6665
2019-10-22,0.9002,0.9002,1.5569
2019-10-21,0.8864,0.8864,-0.7946
2019-10-18,0.8935,0.8935,-1.824
2019-10-17,0.9101,0.9101,0.1651
2019-10-16,0.9086,0.9086,-1.826
2019-10-15,0.9255,0.9255,-2.5379
2019-10-14,0.9496,0.9496,2.2615
2019-10-11,0.9286,0.9286,-0.0861
2019-10-10,0.9294,0.9294,1.9414
2019-10-09,0.9117,0.9117,0.7069
2019-10-08,0.9053,0.9053,-0.9193
2019-09-30,0.9137,0.9137,-2.1001
2019-09-27,0.9333,0.9333,1.7886
2019-09-26,0.9169,0.9169,-3.5654
2019-09-25,0.9508,0.9508,-2.3418
2019-09-24,0.9736,0.9736,1.8943
2019-09-23,0.9555,0.9555,-0.9126
2019-09-20,0.9643,0.9643,1.2707
2019-09-19,0.9522,0.9522,1.5355
2019-09-18,0.9378,0.9378,-0.0533
2019-09-17,0.9383,0.9383,-2.3215
2019-09-16,0.9606,0.9606,0.1042
2019-09-12,0.9596,0.9596,0.5765
2019-09-11,0.9541,0.9541,-0.3343
2019-09-10,0.9573,0.9573,-1.2176
2019-09-09,0.9691,0.9691,2.5286
2019-09-06,0.9452,0.9452,-0.2638
2019-09-05,0.9477,0.9477,0.7227
2019-09-04,0.9409,0.9409,0.1597
2019-09-03,0.9394,0.9394,1.0325
2019-09-02,0.9298,0.9298,3.7376
2019-08-30,0.8963,0.8963,-1.2015
2019-08-29,0.9072,0.9072,0.856
2019-08-28,0.8995,0.8995,0.2228
2019-08-27,0.8975,0.8975,1.3437
2019-08-26,0.8856,0.8856,-1.2709
2019-08-23,0.897,0.897,0.0669
2019-08-22,0.8964,0.8964,-1.1033
2019-08-21,0.9064,0.9064,1.1607
2019-08-20,0.896,0.896,-0.2893
2019-08-19,0.8986,0.8986,3.2992
2019-08-16,0.8699,0.8699,-0.1263
2019-08-15,0.871,0.871,1.4915
2019-08-14,0.8582,0.8582,-0.4293
2019-08-13,0.8619,0.8619,-0.0464
2019-08-12,0.8623,0.8623,3.4926
2019-08-09,0.8332,0.8332,-1.3264
2019-08-08,0.8444,0.8444,1.637
2019-08-07,0.8308,0.8308,-0.9419
2019-08-06,0.8387,0.8387,-0.1072
2019-08-05,0.8396,0.8396,-1.1538
2019-08-02,0.8494,0.8494,-1.4388
2019-08-01,0.8618,0.8618,-0.416
2019-07-31,0.8654,0.8654,-0.1385
2019-07-30,0.8666,0.8666,-0.4137
2019-07-29,0.8702,0.8702,0.4154
2019-07-26,0.8666,0.8666,0.4055
2019-07-25,0.8631,0.8631,1.2672
2019-07-24,0.8523,0.8523,1.1272
2019-07-23,0.8428,0.8428,1.6769
2019-07-22,0.8289,0.8289,-0.9085
2019-07-19,0.8365,0.8365,0.5288
2019-07-18,0.8321,0.8321,-1.7707
2019-07-17,0.8471,0.8471,0.0827
2019-07-16,0.8464,0.8464,0.0473
2019-07-15,0.846,0.846,1.172
2019-07-12,0.8362,0.8362,0.9538
2019-07-11,0.8283,0.8283,-0.3489
2019-07-10,0.8312,0.8312,0.1566
2019-07-09,0.8299,0.8299,0.0724
2019-07-08,0.8293,0.8293,-2.6415
2019-07-05,0.8518,0.8518,0.4126
2019-07-04,0.8483,0.8483,-0.4343
2019-07-03,0.852,0.852,-1.2632
2019-07-02,0.8629,0.8629,-0.3004
2019-07-01,0.8655,0.8655,3.0971
2019-06-30,0.8394,0.8394,--
2019-06-28,0.8395,0.8395,-0.0595
2019-06-27,0.84,0.84,1.5351
2019-06-26,0.8273,0.8273,0.5714
2019-06-25,0.8226,0.8226,-1.2841
2019-06-24,0.8333,0.8333,-0.2872
2019-06-21,0.8357,0.8357,1.2479
2019-06-20,0.8254,0.8254,1.4129
2019-06-19,0.8139,0.8139,1.2062
2019-06-18,0.8042,0.8042,-0.0249
2019-06-17,0.8044,0.8044,-0.7526
2019-06-14,0.8105,0.8105,-1.6025
2019-06-13,0.8237,0.8237,0.0486
2019-06-12,0.8233,0.8233,-0.8669
2019-06-11,0.8305,0.8305,2.1023
2019-06-10,0.8134,0.8134,1.3835
2019-06-06,0.8023,0.8023,-1.7512
2019-06-05,0.8166,0.8166,-0.0979
2019-06-04,0.8174,0.8174,-0.4627
2019-06-03,0.8212,0.8212,-0.5811
2019-05-31,0.826,0.826,0.3645
2019-05-30,0.823,0.823,-0.6039
2019-05-29,0.828,0.828,-0.4927
2019-05-28,0.8321,0.8321,0.0361
2019-05-27,0.8318,0.8318,2.4132
2019-05-24,0.8122,0.8122,-0.7576
2019-05-23,0.8184,0.8184,-2.035
2019-05-22,0.8354,0.8354,0.4087
2019-05-21,0.832,0.832,0.9709
2019-05-20,0.824,0.824,-1.1753
2019-05-17,0.8338,0.8338,-2.7752
2019-05-16,0.8576,0.8576,-0.3833
2019-05-15,0.8609,0.8609,2.2082
2019-05-14,0.8423,0.8423,-0.6253
2019-05-13,0.8476,0.8476,-1.602
2019-05-10,0.8614,0.8614,3.4963
2019-05-09,0.8323,0.8323,-0.5259
2019-05-08,0.8367,0.8367,-0.4995
2019-05-07,0.8409,0.8409,0.6463
2019-05-06,0.8355,0.8355,-5.5719
2019-04-30,0.8848,0.8848,-0.0452
2019-04-29,0.8852,0.8852,-2.0363
2019-04-26,0.9036,0.9036,-1.2567
2019-04-25,0.9151,0.9151,-2.7627
2019-04-24,0.9411,0.9411,1.15
2019-04-23,0.9304,0.9304,-1.545
2019-04-22,0.945,0.945,-1.3055
2019-04-19,0.9575,0.9575,0.4617
2019-04-18,0.9531,0.9531,-1.2536
2019-04-17,0.9652,0.9652,1.8896
2019-04-16,0.9473,0.9473,1.9479
2019-04-15,0.9292,0.9292,-1.212
2019-04-12,0.9406,0.9406,-0.2228
2019-04-11,0.9427,0.9427,-2.0266
2019-04-10,0.9622,0.9622,-0.0312
2019-04-09,0.9625,0.9625,-1.0283
2019-04-08,0.9725,0.9725,-1.2289
2019-04-04,0.9846,0.9846,0.275
2019-04-03,0.9819,0.9819,-0.335
2019-04-02,0.9852,0.9852,0.7362
2019-04-01,0.978,0.978,3.1102
2019-03-29,0.9485,0.9485,2.0331
2019-03-28,0.9296,0.9296,-0.8215
2019-03-27,0.9373,0.9373,-0.0746
2019-03-26,0.938,0.938,-2.7375
2019-03-25,0.9644,0.9644,-0.5773
2019-03-22,0.97,0.97,-0.574
2019-03-21,0.9756,0.9756,0.7539
2019-03-20,0.9683,0.9683,-0.2472
2019-03-19,0.9707,0.9707,0.1031
2019-03-18,0.9697,0.9697,1.3271
2019-03-15,0.957,0.957,0.9281
2019-03-14,0.9482,0.9482,-2.4184
2019-03-13,0.9717,0.9717,-3.3327
2019-03-12,1.0052,1.0052,2.1026
2019-03-11,0.9845,0.9845,3.9379
2019-03-08,0.9472,0.9472,-1.1273
2019-03-07,0.958,0.958,-0.6636
2019-03-06,0.9644,0.9644,0.2808
2019-03-05,0.9617,0.9617,2.6361
2019-03-04,0.937,0.937,2.092
2019-03-01,0.9178,0.9178,1.0237
2019-02-28,0.9085,0.9085,0.5311
2019-02-27,0.9037,0.9037,-2.1864
2019-02-26,0.9239,0.9239,-1.1872
2019-02-25,0.935,0.935,4.6915
2019-02-22,0.8931,0.8931,2.0919
2019-02-21,0.8748,0.8748,-0.1256
2019-02-20,0.8759,0.8759,0.2289
2019-02-19,0.8739,0.8739,-0.8397
2019-02-18,0.8813,0.8813,2.9556
2019-02-15,0.856,0.856,-1.5413
2019-02-14,0.8694,0.8694,0.1267
2019-02-13,0.8683,0.8683,0.8479
2019-02-12,0.861,0.861,0.2678
2019-02-11,0.8587,0.8587,1.2379
2019-02-01,0.8482,0.8482,2.1435
2019-01-31,0.8304,0.8304,0.3505
2019-01-30,0.8275,0.8275,-0.6841
2019-01-29,0.8332,0.8332,-0.048
2019-01-28,0.8336,0.8336,0.3854
2019-01-25,0.8304,0.8304,1.2806
2019-01-24,0.8199,0.8199,0.5642
2019-01-23,0.8153,0.8153,0.493
2019-01-22,0.8113,0.8113,-0.7705
2019-01-21,0.8176,0.8176,0.3067
2019-01-18,0.8151,0.8151,0.9662
2019-01-17,0.8073,0.8073,-0.5053
2019-01-16,0.8114,0.8114,-0.0616
2019-01-15,0.8119,0.8119,1.1839
2019-01-14,0.8024,0.8024,-0.0125
2019-01-11,0.8025,0.8025,-0.1493
2019-01-10,0.8037,0.8037,0.3747
2019-01-09,0.8007,0.8007,-0.6822
2019-01-08,0.8062,0.8062,0.2238
2019-01-07,0.8044,0.8044,1.5016
2019-01-04,0.7925,0.7925,2.0605
2019-01-03,0.7765,0.7765,-0.6271
2019-01-02,0.7814,0.7814,-0.6232
2018-12-31,0.7862,0.7862,--
2018-12-28,0.7863,0.7863,0.3446
2018-12-27,0.7836,0.7836,-0.6592
2018-12-26,0.7888,0.7888,-0.6299
2018-12-25,0.7938,0.7938,-0.8617
2018-12-24,0.8007,0.8007,0.6284
2018-12-21,0.7957,0.7957,-0.6245
2018-12-20,0.8007,0.8007,0.1
2018-12-19,0.7999,0.7999,-1.1737
2018-12-18,0.8094,0.8094,-0.9181
2018-12-17,0.8169,0.8169,-0.6325
2018-12-14,0.8221,0.8221,-1.4505
2018-12-13,0.8342,0.8342,0.7001
2018-12-12,0.8284,0.8284,0.7296
2018-12-11,0.8224,0.8224,0.4888
2018-12-10,0.8184,0.8184,-0.5227
2018-12-07,0.8227,0.8227,0.366
2018-12-06,0.8197,0.8197,-1.3361
2018-12-05,0.8308,0.8308,0.0964
2018-12-04,0.83,0.83,0.387
2018-12-03,0.8268,0.8268,1.8854
2018-11-30,0.8115,0.8115,1.1089
2018-11-29,0.8026,0.8026,-1.0845
2018-11-28,0.8114,0.8114,2.2301
2018-11-27,0.7937,0.7937,1.0182
2018-11-26,0.7857,0.7857,0.1402
2018-11-23,0.7846,0.7846,-2.3036
2018-11-22,0.8031,0.8031,-0.3969
2018-11-21,0.8063,0.8063,0.4986
2018-11-20,0.8023,0.8023,-2.2539
2018-11-19,0.8208,0.8208,-0.146
2018-11-16,0.822,0.822,0.2684
2018-11-15,0.8198,0.8198,0.9357
2018-11-14,0.8122,0.8122,-0.5145
2018-11-13,0.8164,0.8164,0.1964
2018-11-12,0.8148,0.8148,2.4906
2018-11-09,0.795,0.795,0
2018-11-08,0.795,0.795,-0.7615
2018-11-07,0.8011,0.8011,-0.4474
2018-11-06,0.8047,0.8047,-0.3961
2018-11-05,0.8079,0.8079,0.9496
2018-11-02,0.8003,0.8003,3.2512
2018-11-01,0.7751,0.7751,0.4796
2018-10-31,0.7714,0.7714,1.0347
2018-10-30,0.7635,0.7635,1.0455
2018-10-29,0.7556,0.7556,-1.8574
2018-10-26,0.7699,0.7699,-0.7349
2018-10-25,0.7756,0.7756,0.3753
2018-10-24,0.7727,0.7727,-0.0517
2018-10-23,0.7731,0.7731,-2.0897
2018-10-22,0.7896,0.7896,3.2427
2018-10-19,0.7648,0.7648,1.594
2018-10-18,0.7528,0.7528,-1.5304
2018-10-17,0.7645,0.7645,-0.0392
2018-10-16,0.7648,0.7648,-1.5448
2018-10-15,0.7768,0.7768,-0.9689
2018-10-12,0.7844,0.7844,0.7967
2018-10-11,0.7782,0.7782,-4.7957
2018-10-10,0.8174,0.8174,-0.5959
2018-10-09,0.8223,0.8223,-1.0707
2018-10-08,0.8312,0.8312,-3.7963
2018-09-28,0.864,0.864,0.5821
2018-09-27,0.859,0.859,-1.0825
2018-09-26,0.8684,0.8684,0.9767
2018-09-25,0.86,0.86,-0.555
2018-09-21,0.8648,0.8648,1.6694
2018-09-20,0.8506,0.8506,0.3066
2018-09-19,0.848,0.848,0.7006
2018-09-18,0.8421,0.8421,1.4701
2018-09-17,0.8299,0.8299,-1.1318
2018-09-14,0.8394,0.8394,0.3467
2018-09-13,0.8365,0.8365,0.9047
2018-09-12,0.829,0.829,0.5458
2018-09-11,0.8245,0.8245,0.0243
2018-09-10,0.8243,0.8243,-2.5996
2018-09-07,0.8463,0.8463,-0.0472
2018-09-06,0.8467,0.8467,-0.8432
2018-09-05,0.8539,0.8539,-2.1879
2018-09-04,0.873,0.873,0.6572
2018-09-03,0.8673,0.8673,0.0692
2018-08-31,0.8667,0.8667,-1.2195
2018-08-30,0.8774,0.8774,-1.1937
2018-08-29,0.888,0.888,-0.7267
2018-08-28,0.8945,0.8945,0.7774
2018-08-27,0.8876,0.8876,1.9995
2018-08-24,0.8702,0.8702,-0.6961
2018-08-23,0.8763,0.8763,1.2244
2018-08-22,0.8657,0.8657,-1.457
2018-08-21,0.8785,0.8785,1.1165
2018-08-20,0.8688,0.8688,1.306
2018-08-17,0.8576,0.8576,-1.4819
2018-08-16,0.8705,0.8705,-1.2255
2018-08-15,0.8813,0.8813,-2.1539
2018-08-14,0.9007,0.9007,-0.9893
2018-08-13,0.9097,0.9097,0.4749
2018-08-10,0.9054,0.9054,0.6335
2018-08-09,0.8997,0.8997,2.4365
2018-08-08,0.8783,0.8783,-1.9536
2018-08-07,0.8958,0.8958,1.4726
2018-08-06,0.8828,0.8828,-3.1805
2018-08-03,0.9118,0.9118,-2.3873
2018-08-02,0.9341,0.9341,-1.2162
2018-08-01,0.9456,0.9456,-1.1602
2018-07-31,0.9567,0.9567,-1.493
2018-07-30,0.9712,0.9712,-0.185
2018-07-27,0.973,0.973,-0.866
2018-07-26,0.9815,0.9815,-1.85
2018-07-25,1.0,1.0,-1.1369
2018-07-24,1.0115,1.0115,0.5667
2018-07-23,1.0058,1.0058,1.1261
2018-07-20,0.9946,0.9946,1.4587
2018-07-19,0.9803,0.9803,-0.4468
2018-07-18,0.9847,0.9847,-1.1643
2018-07-17,0.9963,0.9963,1.1061
2018-07-16,0.9854,0.9854,-0.9648
2018-07-13,0.995,0.995,0.3429
2018-07-12,0.9916,0.9916,1.5567
2018-07-11,0.9764,0.9764,0.3597
2018-07-10,0.9729,0.9729,1.1331
2018-07-09,0.962,0.962,1.1886
2018-07-06,0.9507,0.9507,0.306
2018-07-05,0.9478,0.9478,-1.0441
2018-07-04,0.9578,0.9578,-2.3848
2018-07-03,0.9812,0.9812,-0.5373
2018-07-02,0.9865,0.9865,-1.8408
2018-06-30,1.0049,1.0049,--
2018-06-29,1.005,1.005,2.9502
2018-06-28,0.9762,0.9762,-1.8599
2018-06-27,0.9947,0.9947,-0.9263
2018-06-26,1.004,1.004,-0.0896
2018-06-25,1.0049,1.0049,-0.3174
2018-06-22,1.0081,1.0081,2.1792
2018-06-21,0.9866,0.9866,-1.586
2018-06-20,1.0025,1.0025,1.8594
2018-06-19,0.9842,0.9842,-4.0179
2018-06-15,1.0254,1.0254,-1.2804
2018-06-14,1.0387,1.0387,-0.2018
2018-06-13,1.0408,1.0408,-0.706
2018-06-12,1.0482,1.0482,0.9049
2018-06-11,1.0388,1.0388,-0.2784
2018-06-08,1.0417,1.0417,0.0192
2018-06-07,1.0415,1.0415,0.1346
2018-06-06,1.0401,1.0401,0.5025
2018-06-05,1.0349,1.0349,1.2028
2018-06-04,1.0226,1.0226,-2.7577
2018-06-01,1.0516,1.0516,-1.7747
2018-05-31,1.0706,1.0706,0.7244
2018-05-30,1.0629,1.0629,-2.1181
2018-05-29,1.0859,1.0859,-0.6859
2018-05-28,1.0934,1.0934,-0.3009
2018-05-25,1.0967,1.0967,-2.0454
2018-05-24,1.1196,1.1196,-0.7271
2018-05-23,1.1278,1.1278,-1.0789
2018-05-22,1.1401,1.1401,-0.0351
2018-05-21,1.1405,1.1405,1.2877
2018-05-18,1.126,1.126,0.1601
2018-05-17,1.1242,1.1242,-0.838
2018-05-16,1.1337,1.1337,-0.8136
2018-05-15,1.143,1.143,0.8648
2018-05-14,1.1332,1.1332,-0.0794
2018-05-11,1.1341,1.1341,-0.0441
2018-05-10,1.1346,1.1346,-0.5696
2018-05-09,1.1411,1.1411,-0.2186
2018-05-08,1.1436,1.1436,0.5628
2018-05-07,1.1372,1.1372,3.0633
2018-05-04,1.1034,1.1034,-0.6035
2018-05-03,1.1101,1.1101,1.0284
2018-05-02,1.0988,1.0988,-0.1182
2018-04-27,1.1001,1.1001,-0.109
2018-04-26,1.1013,1.1013,-1.1578
2018-04-25,1.1142,1.1142,-0.4112
2018-04-24,1.1188,1.1188,3.5063
2018-04-23,1.0809,1.0809,-1.9947
2018-04-20,1.1029,1.1029,-1.6059
2018-04-19,1.1209,1.1209,-0.0535
2018-04-18,1.1215,1.1215,2.4482
2018-04-17,1.0947,1.0947,-2.3113
2018-04-16,1.1206,1.1206,0.0893
2018-04-13,1.1196,1.1196,-0.0268
2018-04-12,1.1199,1.1199,-1.1039
2018-04-11,1.1324,1.1324,0.3189
2018-04-10,1.1288,1.1288,0.6689
2018-04-09,1.1213,1.1213,0.1518
2018-04-04,1.1196,1.1196,-1.3829
2018-04-03,1.1353,1.1353,-1.089
2018-04-02,1.1478,1.1478,-0.838
2018-03-30,1.1575,1.1575,2.1263
2018-03-29,1.1334,1.1334,-0.3692
2018-03-28,1.1376,1.1376,-1.5321
2018-03-27,1.1553,1.1553,2.5293
2018-03-26,1.1268,1.1268,1.761
2018-03-23,1.1073,1.1073,-4.65
2018-03-22,1.1613,1.1613,-0.7266
2018-03-21,1.1698,1.1698,-1.59
2018-03-20,1.1887,1.1887,0.0842
2018-03-19,1.1877,1.1877,0.755
2018-03-16,1.1788,1.1788,-1.3144
2018-03-15,1.1945,1.1945,0.5133
2018-03-14,1.1884,1.1884,-1.0079
2018-03-13,1.2005,1.2005,-1.1527
2018-03-12,1.2145,1.2145,2.2737
2018-03-09,1.1875,1.1875,1.6782
2018-03-08,1.1679,1.1679,-0.2477
2018-03-07,1.1708,1.1708,-0.8469
2018-03-06,1.1808,1.1808,1.0699
2018-03-05,1.1683,1.1683,0.9069
2018-03-02,1.1578,1.1578,-1.2453
2018-03-01,1.1724,1.1724,1.5153
2018-02-28,1.1549,1.1549,0.5135
2018-02-27,1.149,1.149,-0.7
2018-02-26,1.1571,1.1571,2.1541
2018-02-23,1.1327,1.1327,-0.1675
2018-02-22,1.1346,1.1346,2.3361
2018-02-14,1.1087,1.1087,1.2234
2018-02-13,1.0953,1.0953,0.5785
2018-02-12,1.089,1.089,3.2815
2018-02-09,1.0544,1.0544,-3.0437
2018-02-08,1.0875,1.0875,0
2018-02-07,1.0875,1.0875,-1.1813
2018-02-06,1.1005,1.1005,-3.6087
2018-02-05,1.1417,1.1417,-2.4522
2018-02-02,1.1704,1.1704,1.6767
2018-02-01,1.1511,1.1511,-2.009
2018-01-31,1.1747,1.1747,0.5306
2018-01-30,1.1685,1.1685,-0.9746
2018-01-29,1.18,1.18,-2.1559
2018-01-26,1.206,1.206,0.2744
2018-01-25,1.2027,1.2027,-0.4964
2018-01-24,1.2087,1.2087,0.116
2018-01-23,1.2073,1.2073,0.8942
2018-01-22,1.1966,1.1966,1.769
2018-01-19,1.1758,1.1758,0.47
2018-01-18,1.1703,1.1703,0.619
2018-01-17,1.1631,1.1631,-1.1138
2018-01-16,1.1762,1.1762,0.4269
2018-01-15,1.1712,1.1712,-1.6707
2018-01-12,1.1911,1.1911,0.0168
2018-01-11,1.1909,1.1909,-0.8245
2018-01-10,1.2008,1.2008,-0.4642
2018-01-09,1.2064,1.2064,0.1494
2018-01-08,1.2046,1.2046,-0.4627
2018-01-05,1.2102,1.2102,-0.8845
2018-01-04,1.221,1.221,0.3287
2018-01-03,1.217,1.217,1.2816
2018-01-02,1.2016,1.2016,0.2503
2017-12-31,1.1986,1.1986,--
2017-12-29,1.1986,1.1986,0.6973
2017-12-28,1.1903,1.1903,0.2273
2017-12-27,1.1876,1.1876,-2.2873
2017-12-26,1.2154,1.2154,0.0576
2017-12-25,1.2147,1.2147,-0.776
2017-12-22,1.2242,1.2242,0.8984
2017-12-21,1.2133,1.2133,2.3709
2017-12-20,1.1852,1.1852,-0.0843
2017-12-19,1.1862,1.1862,1.3846
2017-12-18,1.17,1.17,-1.0738
2017-12-15,1.1827,1.1827,-1.8099
2017-12-14,1.2045,1.2045,-0.5285
2017-12-13,1.2109,1.2109,1.1528
2017-12-12,1.1971,1.1971,-1.3758
2017-12-11,1.2138,1.2138,2.673
2017-12-08,1.1822,1.1822,0.707
2017-12-07,1.1739,1.1739,-0.9033
2017-12-06,1.1846,1.1846,-0.5374
2017-12-05,1.191,1.191,-1.5702
2017-12-04,1.21,1.21,0.9174
2017-12-01,1.199,1.199,0.6717
2017-11-30,1.191,1.191,-2.0237
2017-11-29,1.2156,1.2156,0.1896
2017-11-28,1.2133,1.2133,2.3709
2017-11-27,1.1852,1.1852,-2.9797
2017-11-24,1.2216,1.2216,-0.4076
2017-11-23,1.2266,1.2266,-4.4555
2017-11-22,1.2838,1.2838,-0.496
2017-11-21,1.2902,1.2902,1.3352
2017-11-20,1.2732,1.2732,3.1683
2017-11-17,1.2341,1.2341,-2.0944
2017-11-16,1.2605,1.2605,2.1392
2017-11-15,1.2341,1.2341,-1.1534
2017-11-14,1.2485,1.2485,-1.4368
2017-11-13,1.2667,1.2667,2.3844
2017-11-10,1.2372,1.2372,3.0485
2017-11-09,1.2006,1.2006,1.3079
2017-11-08,1.1851,1.1851,0.1437
2017-11-07,1.1834,1.1834,0.9124
2017-11-06,1.1727,1.1727,1.9562
2017-11-03,1.1502,1.1502,-0.1389
2017-11-02,1.1518,1.1518,-0.5783
2017-11-01,1.1585,1.1585,-0.0259
2017-10-31,1.1588,1.1588,0.0518
2017-10-30,1.1582,1.1582,-0.5581
2017-10-27,1.1647,1.1647,-0.0086
2017-10-26,1.1648,1.1648,0.8223
2017-10-25,1.1553,1.1553,0.8467
2017-10-24,1.1456,1.1456,1.0764
2017-10-23,1.1334,1.1334,0.3009
2017-10-20,1.13,1.13,0.8298
2017-10-19,1.1207,1.1207,0.1072
2017-10-18,1.1195,1.1195,0.2597
2017-10-17,1.1166,1.1166,-0.0805
2017-10-16,1.1175,1.1175,-0.702
2017-10-13,1.1254,1.1254,0.4552
2017-10-12,1.1203,1.1203,0.4303
2017-10-11,1.1155,1.1155,-0.286
2017-10-10,1.1187,1.1187,-0.6395
2017-10-09,1.1259,1.1259,0.9595
2017-09-29,1.1152,1.1152,0.1437
2017-09-28,1.1136,1.1136,-0.2151
2017-09-27,1.116,1.116,1.3348
2017-09-26,1.1013,1.1013,0.4194
2017-09-25,1.0967,1.0967,-1.2516
2017-09-22,1.1106,1.1106,-0.2604
2017-09-21,1.1135,1.1135,-1.2417
2017-09-20,1.1275,1.1275,0.9671
2017-09-19,1.1167,1.1167,-0.3391
2017-09-18,1.1205,1.1205,0.5564
2017-09-15,1.1143,1.1143,-1.8584
2017-09-14,1.1354,1.1354,-0.4908
2017-09-13,1.141,1.141,0.8218
2017-09-12,1.1317,1.1317,0.5062
2017-09-11,1.126,1.126,1.6245
2017-09-08,1.108,1.108,-0.1262
2017-09-07,1.1094,1.1094,-0.9906
2017-09-06,1.1205,1.1205,0.3942
2017-09-05,1.1161,1.1161,0.2155
2017-09-04,1.1137,1.1137,-0.1793
2017-09-01,1.1157,1.1157,0.877
2017-08-31,1.106,1.106,0.163
2017-08-30,1.1042,1.1042,1.5356
2017-08-29,1.0875,1.0875,0.1381
2017-08-28,1.086,1.086,1.4858
2017-08-25,1.0701,1.0701,1.4601
2017-08-24,1.0547,1.0547,-0.406
2017-08-23,1.059,1.059,-1.1574
2017-08-22,1.0714,1.0714,-0.4275
2017-08-21,1.076,1.076,1.366
2017-08-18,1.0615,1.0615,-0.7294
2017-08-17,1.0693,1.0693,0.517
2017-08-16,1.0638,1.0638,-0.2906
2017-08-15,1.0669,1.0669,0.4236
2017-08-14,1.0624,1.0624,1.2292
2017-08-11,1.0495,1.0495,-3.9007
2017-08-10,1.0921,1.0921,-0.1463
2017-08-09,1.0937,1.0937,1.0066
2017-08-08,1.0828,1.0828,-0.0462
2017-08-07,1.0833,1.0833,2.3236
2017-08-04,1.0587,1.0587,-0.5915
2017-08-03,1.065,1.065,-0.4673
2017-08-02,1.07,1.07,-0.2424
2017-08-01,1.0726,1.0726,-0.353
2017-07-31,1.0764,1.0764,1.8065
2017-07-28,1.0573,1.0573,1.0996
2017-07-27,1.0458,1.0458,-0.419
2017-07-26,1.0502,1.0502,0.1239
2017-07-25,1.0489,1.0489,-0.5311
2017-07-24,1.0545,1.0545,0.019
2017-07-21,1.0543,1.0543,0.2377
2017-07-20,1.0518,1.0518,1.0375
2017-07-19,1.041,1.041,2.0688
2017-07-18,1.0199,1.0199,0.4135
2017-07-17,1.0157,1.0157,-2.4772
2017-07-14,1.0415,1.0415,0.3372
2017-07-13,1.038,1.038,-0.5652
2017-07-12,1.0439,1.0439,0.0863
2017-07-11,1.043,1.043,-0.2963
2017-07-10,1.0461,1.0461,-0.6081
2017-07-07,1.0525,1.0525,-0.0949
2017-07-06,1.0535,1.0535,0.4003
2017-07-05,1.0493,1.0493,1.1764
2017-07-04,1.0371,1.0371,-0.5466
2017-07-03,1.0428,1.0428,-0.0958
2017-06-30,1.0438,1.0438,0.0479
2017-06-29,1.0433,1.0433,0.7825
2017-06-28,1.0352,1.0352,-1.1554
2017-06-27,1.0473,1.0473,0.1817
2017-06-26,1.0454,1.0454,1.5247
2017-06-23,1.0297,1.0297,1.2189
2017-06-22,1.0173,1.0173,-1.1082
2017-06-21,1.0287,1.0287,0.7739
2017-06-20,1.0208,1.0208,-0.0098
2017-06-19,1.0209,1.0209,0.9692
2017-06-16,1.0111,1.0111,0.5369
2017-06-15,1.0057,1.0057,0.0896
2017-06-14,1.0048,1.0048,-1.0537
2017-06-13,1.0155,1.0155,1.6008
2017-06-12,0.9995,0.9995,-0.3092
2017-06-09,1.0026,1.0026,0.4609
2017-06-08,0.998,0.998,1.1555
2017-06-07,0.9866,0.9866,1.9952
2017-06-06,0.9673,0.9673,0.5718
2017-06-05,0.9618,0.9618,0.6383
2017-06-02,0.9557,0.9557,0.3992
2017-06-01,0.9519,0.9519,-0.8644
2017-05-31,0.9602,0.9602,-0.3632
2017-05-26,0.9637,0.9637,-0.2484
2017-05-25,0.9661,0.9661,0.3115
2017-05-24,0.9631,0.9631,0.0831
2017-05-23,0.9623,0.9623,-0.3521
2017-05-22,0.9657,0.9657,-0.7605
2017-05-19,0.9731,0.9731,-1.1479
2017-05-18,0.9844,0.9844,-0.4349
2017-05-17,0.9887,0.9887,-0.6132
2017-05-16,0.9948,0.9948,2.843
2017-05-15,0.9673,0.9673,1.2138
2017-05-12,0.9557,0.9557,0.0943
2017-05-11,0.9548,0.9548,1.0905
2017-05-10,0.9445,0.9445,-1.7476
2017-05-09,0.9613,0.9613,0.4913
2017-05-08,0.9566,0.9566,-1.5742
2017-05-05,0.9719,0.9719,-1.3199
2017-05-04,0.9849,0.9849,-0.9753
2017-05-03,0.9946,0.9946,0.0302
2017-05-02,0.9943,0.9943,0.3735
2017-04-28,0.9906,0.9906,-0.2819
2017-04-27,0.9934,0.9934,1.3984
2017-04-26,0.9797,0.9797,1.146
2017-04-25,0.9686,0.9686,0.4459
2017-04-24,0.9643,0.9643,-3.2313
2017-04-21,0.9965,0.9965,-1.1114
2017-04-20,1.0077,1.0077,-0.2968
2017-04-19,1.0107,1.0107,-0.5021
2017-04-18,1.0158,1.0158,-0.0885
2017-04-17,1.0167,1.0167,0.1379
2017-04-14,1.0153,1.0153,-0.985
2017-04-13,1.0254,1.0254,1.2341
2017-04-12,1.0129,1.0129,-0.6181
2017-04-11,1.0192,1.0192,-0.1176
2017-04-10,1.0204,1.0204,-0.7586
2017-04-07,1.0282,1.0282,-0.3103
2017-04-06,1.0314,1.0314,0.36
2017-04-05,1.0277,1.0277,2.4422
2017-03-31,1.0032,1.0032,0.9763
2017-03-30,0.9935,0.9935,-1.2131
2017-03-29,1.0057,1.0057,-0.248
2017-03-28,1.0082,1.0082,-0.1288
2017-03-27,1.0095,1.0095,-0.6691
2017-03-24,1.0163,1.0163,0.0197
2017-03-23,1.0161,1.0161,0.1676
2017-03-22,1.0144,1.0144,0.5252
2017-03-21,1.0091,1.0091,0.7287
2017-03-20,1.0018,1.0018,0.18
2017-03-17,1.0,1.0,-0.9803
2017-03-16,1.0099,1.0099,0.0297
2017-03-15,1.0096,1.0096,0.2283
2017-03-14,1.0073,1.0073,-0.2179
2017-03-13,1.0095,1.0095,1.3554
2017-03-10,0.996,0.996,0.2819
2017-03-09,0.9932,0.9932,-0.5208
2017-03-08,0.9984,0.9984,-0.1899
2017-03-07,1.0003,1.0003,0.2204
2017-03-06,0.9981,0.9981,0.2813
2017-03-03,0.9953,0.9953,-0.3903
2017-03-02,0.9992,0.9992,-0.4781
2017-03-01,1.004,1.004,-0.2682
2017-02-28,1.0067,1.0067,0.0994
2017-02-27,1.0057,1.0057,-0.406
2017-02-24,1.0098,1.0098,-0.1483
2017-02-23,1.0113,1.0113,0.2379
2017-02-22,1.0089,1.0089,0.5381
2017-02-21,1.0035,1.0035,0.36
2017-02-20,0.9999,0.9999,0.949
2017-02-17,0.9905,0.9905,-0.6719
2017-02-16,0.9972,0.9972,0.5749
2017-02-15,0.9915,0.9915,-1.2253
2017-02-14,1.0038,1.0038,0.38
2017-02-13,1.0,1.0,0.5126
2017-02-10,0.9949,0.9949,-0.0201
2017-02-09,0.9951,0.9951,0.3125
2017-02-08,0.992,0.992,0.202
2017-02-07,0.99,0.99,0.0809
2017-02-06,0.9892,0.9892,0.4774
2017-02-03,0.9845,0.9845,-0.223
2017-01-26,0.9867,0.9867,0.3458
2017-01-25,0.9833,0.9833,0.0611
2017-01-24,0.9827,0.9827,-0.0813
2017-01-23,0.9835,0.9835,0.7272
2017-01-20,0.9764,0.9764,0.6287
2017-01-19,0.9703,0.9703,-0.2365
2017-01-18,0.9726,0.9726,0.652
2017-01-17,0.9663,0.9663,0.4574
2017-01-16,0.9619,0.9619,-0.548
2017-01-13,0.9672,0.9672,-0.7083
2017-01-12,0.9741,0.9741,-0.9558
2017-01-11,0.9835,0.9835,-0.9268
2017-01-10,0.9927,0.9927,-0.5311
2017-01-09,0.998,0.998,0.8998
2017-01-06,0.9891,0.9891,-0.8819
2017-01-05,0.9979,0.9979,0.2008
2017-01-04,0.9959,0.9959,0.7079
2017-01-03,0.9889,0.9889,0.7129
2016-12-31,0.9819,0.9819,0
2016-12-30,0.9819,0.9819,0.2246
2016-12-29,0.9797,0.9797,0.0102
2016-12-28,0.9796,0.9796,-0.4876
2016-12-27,0.9844,0.9844,0.0203
2016-12-26,0.9842,0.9842,0.3876
2016-12-23,0.9804,0.9804,-0.7793
2016-12-22,0.9881,0.9881,0.152
2016-12-21,0.9866,0.9866,1.0654
2016-12-20,0.9762,0.9762,-0.6817
2016-12-19,0.9829,0.9829,0.6657
2016-12-16,0.9764,0.9764,0.494
2016-12-15,0.9716,0.9716,0.1237
2016-12-14,0.9704,0.9704,-0.4105
2016-12-13,0.9744,0.9744,0.7548
2016-12-12,0.9671,0.9671,-2.8919
2016-12-09,0.9959,0.9959,0.1609
2016-12-08,0.9943,0.9943,-0.1607
2016-12-07,0.9959,0.9959,0.8608
2016-12-06,0.9874,0.9874,0.2946
2016-12-05,0.9845,0.9845,-0.2129
2016-12-02,0.9866,0.9866,-1.1918
2016-12-01,0.9985,0.9985,0.5539
2016-11-30,0.993,0.993,-0.8289
2016-11-29,1.0013,1.0013,-0.7041
2016-11-28,1.0084,1.0084,0.0595
2016-11-25,1.0078,1.0078,0.1391
2016-11-24,1.0064,1.0064,-0.3564
2016-11-23,1.01,1.01,-0.6199
2016-11-22,1.0163,1.0163,0.1084
2016-11-21,1.0152,1.0152,-0.1377
2016-11-18,1.0166,1.0166,-0.577
2016-11-17,1.0225,1.0225,-0.3994
2016-11-16,1.0266,1.0266,0.078
2016-11-15,1.0258,1.0258,0.0683
2016-11-14,1.0251,1.0251,-0.3887
2016-11-11,1.0291,1.0291,-0.1165
2016-11-10,1.0303,1.0303,0.3018
2016-11-09,1.0272,1.0272,-0.0875
2016-11-08,1.0281,1.0281,0.4985
2016-11-07,1.023,1.023,-0.2535
2016-11-04,1.0256,1.0256,-0.2723
2016-11-03,1.0284,1.0284,0.3611
2016-11-02,1.0247,1.0247,0.6977
2016-11-01,1.0176,1.0176,0.7724
2016-10-31,1.0098,1.0098,0.1885
2016-10-28,1.0079,1.0079,-0.582
2016-10-27,1.0138,1.0138,0.0099
2016-10-26,1.0137,1.0137,-0.6079
2016-10-25,1.0199,1.0199,0.374
2016-10-24,1.0161,1.0161,0.4051
2016-10-21,1.012,1.012,-0.4329
2016-10-20,1.0164,1.0164,0.1774
2016-10-19,1.0146,1.0146,-0.4416
2016-10-18,1.0191,1.0191,1.2821
2016-10-17,1.0062,1.0062,-0.5633
2016-10-14,1.0119,1.0119,-0.3447
2016-10-13,1.0154,1.0154,0.5048
2016-10-12,1.0103,1.0103,-0.0791
2016-10-11,1.0111,1.0111,0.8478
2016-10-10,1.0026,1.0026,1.0075
2016-09-30,0.9926,0.9926,0.0202
2016-09-29,0.9924,0.9924,0.2931
2016-09-28,0.9895,0.9895,0.2127
2016-09-27,0.9874,0.9874,0.1217
2016-09-26,0.9862,0.9862,-1.2022
2016-09-23,0.9982,0.9982,-0.3693
2016-09-22,1.0019,1.0019,0.421
2016-09-21,0.9977,0.9977,0.2915
2016-09-20,0.9948,0.9948,0.1914
2016-09-19,0.9929,0.9929,0.6692
2016-09-14,0.9863,0.9863,-0.3536
2016-09-13,0.9898,0.9898,0.0303
2016-09-12,0.9895,0.9895,-1.689
2016-09-09,1.0065,1.0065,-0.7983
2016-09-08,1.0146,1.0146,0.2371
2016-09-07,1.0122,1.0122,0.0099
2016-09-06,1.0121,1.0121,0.9979
2016-09-05,1.0021,1.0021,0.8149
2016-09-02,0.994,0.994,-0.6199
2016-09-01,1.0002,1.0002,-0.3983
2016-08-31,1.0042,1.0042,0.1496
2016-08-30,1.0027,1.0027,-0.2983
2016-08-29,1.0057,1.0057,-0.2875
2016-08-26,1.0086,1.0086,0.1987
2016-08-25,1.0066,1.0066,-0.2873
2016-08-24,1.0095,1.0095,0.0099
2016-08-23,1.0094,1.0094,0.0793
2016-08-22,1.0086,1.0086,-0.8844
2016-08-19,1.0176,1.0176,-0.2939
2016-08-18,1.0206,1.0206,-0.2249
2016-08-17,1.0229,1.0229,-0.3895
2016-08-16,1.0269,1.0269,0.6666
2016-08-15,1.0201,1.0201,1.4117
2016-08-12,1.0059,1.0059,0.6605
2016-08-11,0.9993,0.9993,-1.0104
2016-08-10,1.0095,1.0095,0.4978
2016-08-09,1.0045,1.0045,0.1196
2016-08-08,1.0033,1.0033,-0.486
2016-08-05,1.0082,1.0082,-0.1881
2016-08-04,1.0101,1.0101,-0.2666
2016-08-03,1.0128,1.0128,0.3269
2016-08-02,1.0095,1.0095,0.638
2016-08-01,1.0031,1.0031,0.0698
2016-07-29,1.0024,1.0024,-0.1792
2016-07-28,1.0042,1.0042,0.3297
2016-07-27,1.0009,1.0009,-2.0166
2016-07-26,1.0215,1.0215,1.0186
2016-07-25,1.0112,1.0112,-0.492
2016-07-22,1.0162,1.0162,-1.6834
2016-07-21,1.0336,1.0336,-0.058
2016-07-20,1.0342,1.0342,-0.2123
2016-07-19,1.0364,1.0364,-0.183
2016-07-18,1.0383,1.0383,-0.0385
2016-07-15,1.0387,1.0387,-0.125
2016-07-14,1.04,1.04,-0.2589
2016-07-13,1.0427,1.0427,-0.2964
2016-07-12,1.0458,1.0458,-0.3146
2016-07-11,1.0491,1.0491,0.2868
2016-07-08,1.0461,1.0461,-1.2275
2016-07-07,1.0591,1.0591,0.7419
2016-07-06,1.0513,1.0513,1.3692
2016-07-05,1.0371,1.0371,0.6405
2016-07-04,1.0305,1.0305,0.7627
2016-07-01,1.0227,1.0227,0.0881
2016-06-30,1.0218,1.0218,-0.4482